Element,Category,Current Status,Recommendation,Priority,Justification,Implementation Notes
Regional Development Directorates,spatial,Established but under-resourced,STRENGTHEN,HIGH,Essential for localized implementation but lack capacity and authority,"Increase staffing, budget, and decision-making authority at regional level"
5-Tier Urban Hierarchy Model,spatial,Partially implemented,MODIFY,MEDIUM,Model is sound but Riyadh dominance distorts hierarchy; needs economic rebalancing,Develop specialized functions for tier 2-3 cities; use incentive packages
Giga-Project Spatial Strategy,spatial,"Active - NEOM, Red Sea, Qiddiya, etc.",MAINTAIN,HIGH,Strong execution momentum; provides growth poles outside traditional centers,Continue but ensure regional spillover effects are monitored
New City Development Policy,spatial,"Mixed results - KAEC underperforming, NEOM nascent",MODIFY,HIGH,New cities struggle without clear economic anchor and labor supply,Focus on fewer cities with stronger economic rationale; improve transport links
Special Economic Zones,economic,"Expanding - NEOM, King Abdullah Port, etc.",STRENGTHEN,HIGH,Effective for attracting foreign investment and creating economic clusters,Extend SEZ benefits; streamline approvals; improve infrastructure connectivity
Industrial City Program,economic,"Jubail, Yanbu mature; new cities developing",MAINTAIN,MEDIUM,Proven model for industrial development and diversification,Continue expansion; focus on downstream industries and technology sectors
Tourism Corridor Development,economic,"Active - Red Sea, Diriyah, AlUla",STRENGTHEN,HIGH,Tourism is key diversification pillar with strong spatial implications,Accelerate infrastructure; develop tourism human capital; maintain authenticity
Regional Economic Specialization,economic,Weak - most regions remain generalist,STRENGTHEN,HIGH,Regions lack distinctive economic identity; reduces competitiveness,Develop regional specialization strategies based on comparative advantages
Centralized Planning Coordination,governance,Strong through Vision 2030 office,MAINTAIN,HIGH,Effective for alignment but may slow regional responsiveness,Maintain for strategic alignment; delegate operational decisions to regions
5-Year Review Cycles,governance,Not implemented in NSS 2001; quarterly in V2030,STRENGTHEN,MEDIUM,Regular review essential for adaptive management,Formalize 5-year comprehensive reviews with public reporting
Inter-ministerial Coordination,governance,Improved under Vision 2030 governance,MAINTAIN,HIGH,Spatial planning requires cross-sectoral coordination,Continue high-level coordination mechanisms
Performance Monitoring System,governance,Developing - Vision 2030 KPIs,STRENGTHEN,HIGH,Essential for evidence-based decision making,Expand to cover all spatial indicators; make data publicly accessible
Protected Area Targets,environmental,Behind target - 4.3% vs 15% goal,STRENGTHEN,HIGH,Environmental protection essential for sustainable development,Accelerate to meet 30x30 global commitment; enforce existing protections
Water Demand Management,environmental,Weak - consumption still high,STRENGTHEN,CRITICAL,Water security is existential issue for Saudi Arabia,Reform water pricing; mandate efficiency standards; reduce agricultural use
Renewable Energy Integration,environmental,Accelerating - solar and wind projects,STRENGTHEN,HIGH,Critical for climate commitments and economic diversification,Maintain ambitious targets; address grid integration challenges
Coastal Zone Management,environmental,Developing - Red Sea Project sets standard,STRENGTHEN,MEDIUM,"3,000 km coastline has major economic and environmental value",Extend Red Sea standards to all coastal development; prevent over-development
Housing Program (Sakani),social,Active - homeownership increasing,MAINTAIN,HIGH,Housing affordability critical for social stability and labor mobility,Continue expansion; ensure regional distribution
Saudi Employment Programs,social,Nitaqat ongoing; unemployment still elevated,MODIFY,HIGH,Current approach has limited success; needs skills-focused reform,Shift from quotas to skills development; target high-value sectors
Education City Development,social,"Active - KAUST, multiple universities",MAINTAIN,MEDIUM,Knowledge economy requires higher education infrastructure,Continue but improve industry linkages and research commercialization
Healthcare Infrastructure Distribution,social,Concentrated in major cities,STRENGTHEN,MEDIUM,Regional healthcare gaps affect livability and development,Invest in regional hospitals and telemedicine infrastructure
